{"n": [1, 1], "f": 5000, "label": "train_X", "accuracy": 0.9151357279956128}
{"n": [1, 1], "f": 5000, "label": "Xi", "accuracy": 0.9145873320537428}
{"n": [1, 1], "f": 5000, "label": "Xii", "accuracy": 0.9158212229229503}
{"n": [1, 1], "f": 5000, "label": "Xiii", "accuracy": 0.9141760350973402}
{"n": [1, 1], "f": 5000, "label": "Xiv", "accuracy": 0.9152728269810804}
{"n": [1, 1], "f": 5000, "label": "Xv", "accuracy": 0.9151357279956128}
{"n": [1, 1], "f": 5000, "label": "X_all_tokenized", "accuracy": 0.9123937482862626}
{"n": [1, 1], "f": 25000, "label": "train_X", "accuracy": 0.9144502330682753}
{"n": [1, 1], "f": 25000, "label": "Xi", "accuracy": 0.9125308472717302}
{"n": [1, 1], "f": 25000, "label": "Xii", "accuracy": 0.9145873320537428}
{"n": [1, 1], "f": 25000, "label": "Xiii", "accuracy": 0.9159583219084179}
{"n": [1, 1], "f": 25000, "label": "Xiv", "accuracy": 0.9144502330682753}
{"n": [1, 1], "f": 25000, "label": "Xv", "accuracy": 0.9144502330682753}
{"n": [1, 1], "f": 25000, "label": "X_all_tokenized", "accuracy": 0.9119824513298601}
{"n": [1, 2], "f": 5000, "label": "train_X", "accuracy": 0.9606525911708254}
{"n": [1, 2], "f": 5000, "label": "Xi", "accuracy": 0.9140389361118728}
{"n": [1, 2], "f": 5000, "label": "Xii", "accuracy": 0.9610638881272279}
{"n": [1, 2], "f": 5000, "label": "Xiii", "accuracy": 0.9621606800109679}
{"n": [1, 2], "f": 5000, "label": "Xiv", "accuracy": 0.9606525911708254}
{"n": [1, 2], "f": 5000, "label": "Xv", "accuracy": 0.9606525911708254}
{"n": [1, 2], "f": 5000, "label": "X_all_tokenized", "accuracy": 0.9197970935015081}
{"n": [1, 2], "f": 25000, "label": "train_X", "accuracy": 0.9713463120372909}
{"n": [1, 2], "f": 25000, "label": "Xi", "accuracy": 0.9317247052371812}
{"n": [1, 2], "f": 25000, "label": "Xii", "accuracy": 0.9716205100082259}
{"n": [1, 2], "f": 25000, "label": "Xiii", "accuracy": 0.9707979160954209}
{"n": [1, 2], "f": 25000, "label": "Xiv", "accuracy": 0.9713463120372909}
{"n": [1, 2], "f": 25000, "label": "Xv", "accuracy": 0.9713463120372909}
{"n": [1, 2], "f": 25000, "label": "X_all_tokenized", "accuracy": 0.9398135453797641}
{"n": [1, 3], "f": 5000, "label": "train_X", "accuracy": 0.9602412942144228}
{"n": [1, 3], "f": 5000, "label": "Xi", "accuracy": 0.9158212229229503}
{"n": [1, 3], "f": 5000, "label": "Xii", "accuracy": 0.9603783931998903}
{"n": [1, 3], "f": 5000, "label": "Xiii", "accuracy": 0.9636687688511105}
{"n": [1, 3], "f": 5000, "label": "Xiv", "accuracy": 0.9602412942144228}
{"n": [1, 3], "f": 5000, "label": "Xv", "accuracy": 0.9602412942144228}
{"n": [1, 3], "f": 5000, "label": "X_all_tokenized", "accuracy": 0.9200712914724432}
{"n": [1, 3], "f": 25000, "label": "train_X", "accuracy": 0.9714834110227585}
{"n": [1, 3], "f": 25000, "label": "Xi", "accuracy": 0.9317247052371812}
{"n": [1, 3], "f": 25000, "label": "Xii", "accuracy": 0.9713463120372909}
{"n": [1, 3], "f": 25000, "label": "Xiii", "accuracy": 0.9720318069646284}
{"n": [1, 3], "f": 25000, "label": "Xiv", "accuracy": 0.9716205100082259}
{"n": [1, 3], "f": 25000, "label": "Xv", "accuracy": 0.9714834110227585}
{"n": [1, 3], "f": 25000, "label": "X_all_tokenized", "accuracy": 0.9422813271181794}
{"n": [2, 2], "f": 5000, "label": "train_X", "accuracy": 0.9426926240745819}
{"n": [2, 2], "f": 5000, "label": "Xi", "accuracy": 0.8820948724979435}
{"n": [2, 2], "f": 5000, "label": "Xii", "accuracy": 0.944063613929257}
{"n": [2, 2], "f": 5000, "label": "Xiii", "accuracy": 0.9439265149437894}
{"n": [2, 2], "f": 5000, "label": "Xiv", "accuracy": 0.9426926240745819}
{"n": [2, 2], "f": 5000, "label": "Xv", "accuracy": 0.9426926240745819}
{"n": [2, 2], "f": 5000, "label": "X_all_tokenized", "accuracy": 0.8877159309021113}
{"n": [2, 2], "f": 25000, "label": "train_X", "accuracy": 0.9633945708801754}
{"n": [2, 2], "f": 25000, "label": "Xi", "accuracy": 0.9082807787222374}
{"n": [2, 2], "f": 25000, "label": "Xii", "accuracy": 0.9625719769673704}
{"n": [2, 2], "f": 25000, "label": "Xiii", "accuracy": 0.9642171647929806}
{"n": [2, 2], "f": 25000, "label": "Xiv", "accuracy": 0.963257471894708}
{"n": [2, 2], "f": 25000, "label": "Xv", "accuracy": 0.9633945708801754}
{"n": [2, 2], "f": 25000, "label": "X_all_tokenized", "accuracy": 0.9152728269810804}
{"n": [2, 3], "f": 5000, "label": "train_X", "accuracy": 0.9420071291472443}
{"n": [2, 3], "f": 5000, "label": "Xi", "accuracy": 0.882231971483411}
{"n": [2, 3], "f": 5000, "label": "Xii", "accuracy": 0.9425555250891143}
{"n": [2, 3], "f": 5000, "label": "Xiii", "accuracy": 0.9433781190019194}
{"n": [2, 3], "f": 5000, "label": "Xiv", "accuracy": 0.9417329311763093}
{"n": [2, 3], "f": 5000, "label": "Xv", "accuracy": 0.9420071291472443}
{"n": [2, 3], "f": 5000, "label": "X_all_tokenized", "accuracy": 0.8894982177131889}
{"n": [2, 3], "f": 25000, "label": "train_X", "accuracy": 0.9614751850836304}
{"n": [2, 3], "f": 25000, "label": "Xi", "accuracy": 0.9088291746641075}
{"n": [2, 3], "f": 25000, "label": "Xii", "accuracy": 0.9610638881272279}
{"n": [2, 3], "f": 25000, "label": "Xiii", "accuracy": 0.9628461749383055}
{"n": [2, 3], "f": 25000, "label": "Xiv", "accuracy": 0.9614751850836304}
{"n": [2, 3], "f": 25000, "label": "Xv", "accuracy": 0.9614751850836304}
{"n": [2, 3], "f": 25000, "label": "X_all_tokenized", "accuracy": 0.9169180148066904}
{"n": [3, 3], "f": 5000, "label": "train_X", "accuracy": 0.8955305730737593}
{"n": [3, 3], "f": 5000, "label": "Xi", "accuracy": 0.7754318618042226}
{"n": [3, 3], "f": 5000, "label": "Xii", "accuracy": 0.891143405538799}
{"n": [3, 3], "f": 5000, "label": "Xiii", "accuracy": 0.8925143953934741}
{"n": [3, 3], "f": 5000, "label": "Xiv", "accuracy": 0.8958047710446942}
{"n": [3, 3], "f": 5000, "label": "Xv", "accuracy": 0.8955305730737593}
{"n": [3, 3], "f": 5000, "label": "X_all_tokenized", "accuracy": 0.8072388264326844}
{"n": [3, 3], "f": 25000, "label": "train_X", "accuracy": 0.9298053194406362}
{"n": [3, 3], "f": 25000, "label": "Xi", "accuracy": 0.8294488620784206}
{"n": [3, 3], "f": 25000, "label": "Xii", "accuracy": 0.9298053194406362}
{"n": [3, 3], "f": 25000, "label": "Xiii", "accuracy": 0.9284343295859611}
{"n": [3, 3], "f": 25000, "label": "Xiv", "accuracy": 0.9296682204551686}
{"n": [3, 3], "f": 25000, "label": "Xv", "accuracy": 0.9298053194406362}
{"n": [3, 3], "f": 25000, "label": "X_all_tokenized", "accuracy": 0.8509734027968193}
